350,0,0,0,0
351,2.86E-05,0,9.04E-06,5.77E-06
352,5.58E-05,0,1.32E-05,8.41E-06
353,4.48E-05,0,0,0
354,6.96E-06,0,0,0
355,0,0,0,0
356,7.15E-05,0,0,1.24E-05
357,7.35E-05,0,0,1.05E-05
358,0.00011354,0,0,1.26E-05
359,5.85E-05,0,1.44E-05,0
360,3.57E-06,0,2.03E-06,0
361,0,0,0,2.39E-05
362,1.97E-05,0,0,1.43E-06
363,6.17E-05,0,1.10E-05,2.90E-06
364,1.71E-05,0,8.64E-06,2.06E-05
365,0,0,0,4.35E-05
366,0,0,0,8.62E-07
367,2.44E-05,0,0,5.69E-06
368,2.11E-05,0,0,1.50E-05
369,2.67E-06,0,0,2.27E-05
370,1.32E-06,0,0,5.21E-06
371,1.41E-05,0,0,2.68E-05
372,0,0,0,2.37E-05
373,2.04E-06,0,0,2.06E-05
374,5.70E-06,0,1.26E-06,6.65E-06
375,1.27E-06,0,9.67E-07,2.35E-05
376,2.75E-05,0,0,2.91E-05
377,6.19E-06,0,0,2.03E-05
378,1.74E-05,0,0,1.39E-05
379,8.39E-06,0,0,1.77E-05
380,1.66E-05,0,5.46E-06,2.23E-05
381,1.43E-05,0,3.10E-06,1.50E-05
382,1.30E-05,0,6.19E-08,1.19E-05
383,2.03E-05,0,0,7.63E-06
384,2.41E-05,0,0,1.56E-05
385,2.00E-05,0,0,2.08E-05
386,1.55E-05,0,0,2.33E-05
387,1.01E-05,0,1.02E-06,1.88E-05
388,2.21E-05,0,4.04E-06,1.45E-05
389,2.80E-05,0,5.62E-07,2.40E-05
390,1.90E-05,0,0,2.98E-05
391,1.45E-05,0,0,2.51E-05
392,3.30E-05,0,0,2.45E-05
393,3.09E-05,0,0,1.86E-05
394,1.96E-05,9.17E-07,5.76E-08,2.94E-05
395,3.50E-05,5.72E-07,2.05E-07,2.33E-05
396,3.98E-05,0,0,2.73E-05
397,3.09E-05,0,0,3.01E-05
398,2.30E-05,0,0,3.06E-05
399,4.11E-05,0,3.08E-07,3.08E-05
400,3.83E-05,0,1.90E-06,3.26E-05
401,2.47E-05,1.29E-06,1.45E-07,3.90E-05
402,3.83E-05,8.19E-07,4.08E-06,3.09E-05
403,4.49E-05,0,9.26E-06,3.76E-05
404,3.50E-05,3.14E-06,0,4.04E-05
405,3.59E-05,4.29E-07,2.74E-07,4.01E-05
406,4.89E-05,8.27E-08,1.55E-06,2.87E-05
407,4.90E-05,2.52E-06,3.63E-06,3.69E-05
408,5.03E-05,1.46E-06,8.09E-07,5.18E-05
409,5.23E-05,3.24E-06,5.43E-06,5.03E-05
410,6.46E-05,7.97E-07,2.02E-06,4.87E-05
411,6.73E-05,2.41E-06,6.17E-06,4.51E-05
412,6.92E-05,1.75E-06,4.76E-06,6.17E-05
413,7.85E-05,3.66E-06,6.74E-07,6.74E-05
414,8.85E-05,7.38E-06,2.60E-07,6.63E-05
415,9.30E-05,5.01E-07,3.16E-06,7.81E-05
416,0.00010148,4.31E-06,2.85E-06,9.43E-05
417,0.00011352,7.05E-06,3.08E-06,9.79E-05
418,0.00012242,1.02E-05,8.52E-06,0.00011349
419,0.00014682,1.05E-05,1.29E-06,0.00012768
420,0.00016792,1.35E-05,6.30E-06,0.0001411
421,0.00019258,1.30E-05,8.09E-06,0.00017643
422,0.0002164,1.04E-05,1.05E-05,0.00019115
423,0.0002467,1.03E-05,6.67E-06,0.00022059
424,0.00030168,2.01E-05,5.88E-06,0.00026253
425,0.00035876,2.15E-05,1.10E-05,0.00030683
426,0.00041823,2.13E-05,1.34E-05,0.00035071
427,0.00048714,2.50E-05,1.34E-05,0.00043527
428,0.00056425,3.03E-05,1.34E-05,0.0005033
429,0.00064354,3.31E-05,2.29E-05,0.00059592
430,0.00078699,3.51E-05,1.49E-05,0.0006738
431,0.0008836,4.13E-05,2.13E-05,0.00082103
432,0.0010364,4.66E-05,2.52E-05,0.00092863
433,0.0011969,4.58E-05,3.25E-05,0.0010688
434,0.0013872,5.33E-05,3.61E-05,0.0012436
435,0.0015866,6.06E-05,4.05E-05,0.0014151
436,0.0018182,6.67E-05,4.48E-05,0.0016226
437,0.0020819,7.61E-05,5.75E-05,0.0018647
438,0.0023709,7.75E-05,6.89E-05,0.0021715
439,0.0027128,8.45E-05,7.98E-05,0.0024999
440,0.0031384,8.99E-05,9.91E-05,0.0028256
441,0.0036803,0.00010267,0.00011634,0.0032724
442,0.0041398,0.00010628,0.00013705,0.0037431
443,0.0047608,0.0001144,0.00016638,0.0043051
444,0.005414,0.0001276,0.0001978,0.0048967
445,0.0060309,0.0001398,0.00021415,0.0054531
446,0.0066722,0.00014758,0.00024833,0.00608
447,0.0073615,0.00015271,0.0002848,0.0066345
448,0.007884,0.00015859,0.00031471,0.0071419
449,0.0082694,0.00015867,0.00033755,0.007466
450,0.0085365,0.00015833,0.00034554,0.0077496
451,0.0086127,0.00015962,0.00035846,0.0077879
452,0.0085937,0.00014782,0.00035424,0.0077542
453,0.0083918,0.0001416,0.00035219,0.0075511
454,0.0080074,0.0001263,0.00034762,0.007236
455,0.0075881,0.00011744,0.00033448,0.0068582
456,0.0070639,0.00010888,0.00031261,0.0062901
457,0.0064808,9.15E-05,0.00030772,0.0057999
458,0.0059155,8.40E-05,0.00029399,0.0053122
459,0.0054246,7.73E-05,0.00028602,0.0048468
460,0.0049691,6.53E-05,0.00028199,0.0043831
461,0.0045921,5.67E-05,0.00028152,0.0040794
462,0.0042647,5.52E-05,0.0002848,0.0037172
463,0.0039592,4.66E-05,0.00029285,0.0034396
464,0.0037095,4.25E-05,0.00030508,0.003246
465,0.0034638,3.87E-05,0.00032059,0.0029567
466,0.0032941,3.43E-05,0.00032568,0.0027828
467,0.0030857,3.47E-05,0.00035134,0.0025948
468,0.0029289,3.29E-05,0.00036523,0.0024101
469,0.0027239,2.85E-05,0.00038827,0.0022287
470,0.002558,2.93E-05,0.00040316,0.0020363
471,0.0024084,2.28E-05,0.00042589,0.0018675
472,0.002248,2.00E-05,0.00045774,0.0017132
473,0.0021207,1.90E-05,0.00047372,0.0015608
474,0.0019715,1.94E-05,0.00047805,0.0014185
475,0.0018753,1.83E-05,0.00050159,0.0012896
476,0.0017743,1.63E-05,0.00051329,0.0011827
477,0.0016895,1.85E-05,0.00053292,0.0011064
478,0.0016074,1.33E-05,0.00054512,0.0010185
479,0.0015619,1.23E-05,0.00055479,0.00093431
480,0.0015229,9.74E-06,0.00057359,0.00087658
481,0.0014675,1.39E-05,0.00058591,0.00084043
482,0.0014351,1.39E-05,0.00059633,0.00079002
483,0.0013933,9.22E-06,0.0006124,0.00074459
484,0.001354,8.03E-06,0.00061652,0.00071101
485,0.0013579,1.18E-05,0.0006201,0.00068906
486,0.0013259,8.45E-06,0.00064363,0.00065195
487,0.0013194,9.27E-06,0.00064859,0.00063201
488,0.0013292,6.44E-06,0.00066681,0.00061478
489,0.001323,1.01E-05,0.00067399,0.00061445
490,0.0012967,8.36E-06,0.00067858,0.00058499
491,0.0013023,4.58E-06,0.00070205,0.00056927
492,0.0013117,9.30E-06,0.00072323,0.00056755
493,0.0013368,9.17E-06,0.00075402,0.00054875
494,0.0013677,9.42E-06,0.00078131,0.00055307
495,0.0014175,7.98E-06,0.00080736,0.00055981
496,0.0014555,8.52E-06,0.00086835,0.00056714
497,0.0015425,9.49E-06,0.00092249,0.00058201
498,0.0016088,8.13E-06,0.0009801,0.00059231
499,0.0016742,6.84E-06,0.0010535,0.00061093
500,0.0017629,9.65E-06,0.0011275,0.0006043
501,0.0018539,1.12E-05,0.0012075,0.0006365
502,0.0019578,1.10E-05,0.0012842,0.00063301
503,0.0020535,1.06E-05,0.0013658,0.00064515
504,0.0021718,1.06E-05,0.0014594,0.00065584
505,0.0022656,1.32E-05,0.0015405,0.00070257
506,0.0024197,1.57E-05,0.0016495,0.00070168
507,0.0025438,8.81E-06,0.0017309,0.00072186
508,0.0026308,1.11E-05,0.0018571,0.00071699
509,0.0027601,1.27E-05,0.001972,0.00073701
510,0.0028842,1.21E-05,0.002072,0.00073803
511,0.002963,1.56E-05,0.0021834,0.00072895
512,0.003109,1.34E-05,0.0022978,0.00072783
513,0.0031915,1.31E-05,0.0024156,0.00072308
514,0.0032553,1.23E-05,0.0025042,0.00071299
515,0.0033821,1.18E-05,0.0026125,0.00071076
516,0.003459,1.27E-05,0.0026913,0.00068673
517,0.0034954,1.58E-05,0.0027691,0.00065231
518,0.0035628,1.30E-05,0.0028435,0.00062801
519,0.0036031,1.60E-05,0.0029145,0.0006137
520,0.0036626,1.57E-05,0.0029966,0.00060969
521,0.0036869,1.52E-05,0.0030853,0.00055986
522,0.0037476,1.63E-05,0.0031414,0.00052777
523,0.0037654,1.78E-05,0.0031909,0.00049454
524,0.0038084,1.55E-05,0.0032622,0.00047355
525,0.0038277,1.71E-05,0.0032816,0.00043948
526,0.0038258,1.84E-05,0.0033017,0.00041574
527,0.0038367,1.59E-05,0.003364,0.00038985
528,0.0038454,1.66E-05,0.0034065,0.00037298
529,0.0038438,1.68E-05,0.0034329,0.00035166
530,0.0038725,1.46E-05,0.0034629,0.00030895
531,0.0038853,1.63E-05,0.003509,0.00030689
532,0.003933,1.87E-05,0.0035863,0.00027974
533,0.0039851,1.84E-05,0.0036437,0.00026286
534,0.0039944,1.62E-05,0.0036827,0.00024566
535,0.0040271,1.56E-05,0.0037457,0.00022321
536,0.004104,1.50E-05,0.0037999,0.00020677
537,0.0040818,1.52E-05,0.0038236,0.00019675
538,0.0040745,1.41E-05,0.0038272,0.00018341
539,0.0040549,1.74E-05,0.0038288,0.00016579
540,0.0040153,1.58E-05,0.0038229,0.00015478
541,0.004008,1.48E-05,0.0038121,0.00014302
542,0.0040326,1.52E-05,0.0038235,0.00012758
543,0.0040378,1.60E-05,0.0038446,0.00011297
544,0.0040217,1.58E-05,0.0038411,0.00010136
545,0.0040193,1.80E-05,0.0038461,8.83E-05
546,0.0039683,1.44E-05,0.0038106,8.40E-05
547,0.003949,1.46E-05,0.0037967,7.37E-05
548,0.0038857,1.47E-05,0.0037433,6.63E-05
549,0.0038224,1.46E-05,0.0037372,5.75E-05
550,0.0037819,1.49E-05,0.0036789,5.24E-05
551,0.0037403,1.24E-05,0.0036082,4.69E-05
552,0.0036377,1.45E-05,0.0035358,3.78E-05
553,0.0035651,1.54E-05,0.0034649,3.59E-05
554,0.0035057,1.26E-05,0.0033755,3.63E-05
555,0.0034079,1.38E-05,0.0033027,3.21E-05
556,0.0033283,1.55E-05,0.0032352,2.44E-05
557,0.0032571,1.48E-05,0.0031918,2.11E-05
558,0.0032132,1.38E-05,0.003123,2.22E-05
559,0.0031766,1.69E-05,0.0030984,2.08E-05
560,0.003143,1.50E-05,0.0030726,1.60E-05
561,0.0031148,1.65E-05,0.0030449,1.72E-05
562,0.0030733,1.75E-05,0.003002,1.94E-05
563,0.0030389,1.88E-05,0.0029443,1.69E-05
564,0.0029866,1.83E-05,0.0029088,1.35E-05
565,0.0029323,1.93E-05,0.002872,1.36E-05
566,0.0028775,2.14E-05,0.0028308,1.19E-05
567,0.0028381,2.50E-05,0.0027817,1.46E-05
568,0.0028046,2.66E-05,0.0027146,1.23E-05
569,0.002737,2.55E-05,0.0026507,8.20E-06
570,0.0026624,3.18E-05,0.002592,1.53E-05
571,0.0026067,3.81E-05,0.0025175,1.19E-05
572,0.0025461,4.30E-05,0.002452,7.55E-06
573,0.0024777,5.17E-05,0.0023875,7.13E-06
574,0.0024309,6.22E-05,0.0023262,1.18E-05
575,0.0023893,8.10E-05,0.0022766,8.43E-06
576,0.002362,0.00010094,0.0022111,7.40E-06
577,0.0022962,0.00012911,0.0021634,8.32E-06
578,0.0022657,0.00015971,0.0020938,5.41E-06
579,0.0022165,0.00020457,0.0020119,1.13E-05
580,0.0021972,0.00024524,0.0019159,8.95E-06
581,0.0021409,0.00029456,0.0018265,6.80E-06
582,0.0021141,0.00035316,0.0017316,7.84E-06
583,0.0021045,0.00041073,0.0016553,9.77E-06
584,0.0020538,0.00048738,0.0015383,5.79E-06
585,0.0020392,0.00055934,0.0014648,9.53E-06
586,0.0020556,0.00064407,0.0013619,9.95E-06
587,0.0020966,0.00074587,0.0012857,7.43E-06
588,0.0021199,0.00084621,0.0012293,7.13E-06
589,0.0021632,0.0009828,0.0011238,1.02E-05
590,0.0021955,0.0011062,0.0010843,7.80E-06
591,0.0023186,0.0012442,0.0010146,1.14E-05
592,0.0023811,0.0013855,0.00093771,7.91E-06
593,0.0024438,0.0015249,0.00085319,1.27E-05
594,0.0025429,0.0016735,0.00080994,3.75E-06
595,0.002608,0.0018055,0.00073934,5.47E-06
596,0.002714,0.0019181,0.00067893,8.43E-06
597,0.0027309,0.0020349,0.00062074,1.19E-05
598,0.0028104,0.0021135,0.00056381,2.69E-06
599,0.0028386,0.002197,0.00050505,1.08E-05
600,0.0028547,0.0022943,0.00045211,1.19E-05
601,0.0028879,0.0023598,0.00040956,9.89E-06
602,0.0029464,0.0024429,0.00036416,4.15E-06
603,0.0029389,0.0025088,0.0003211,1.33E-05
604,0.0030155,0.0025834,0.00028648,1.10E-05
605,0.0030733,0.0026671,0.0002541,1.01E-05
606,0.0030779,0.0027134,0.00022431,6.29E-06
607,0.0030582,0.0027335,0.00020144,1.03E-05
608,0.0030747,0.0027596,0.00016568,5.81E-06
609,0.0030593,0.002759,0.00015056,2.12E-06
610,0.0030574,0.00278,0.00013213,3.56E-06
611,0.0030601,0.0027904,0.00011815,1.34E-05
612,0.003077,0.0027902,0.00010563,1.25E-05
613,0.0030433,0.0027857,9.67E-05,5.34E-06
614,0.0030058,0.0027952,8.32E-05,7.82E-06
615,0.0029582,0.0027525,7.55E-05,9.47E-06
616,0.0029434,0.0027144,7.00E-05,6.01E-06
617,0.0028482,0.0026792,5.81E-05,5.11E-06
618,0.0028165,0.0026407,5.43E-05,4.80E-06
619,0.0027909,0.0026,4.70E-05,8.27E-06
620,0.0027326,0.0025619,4.07E-05,6.52E-06
621,0.0027073,0.0025193,4.33E-05,3.63E-07
622,0.0026688,0.0025038,3.76E-05,7.53E-06
623,0.0026284,0.0024667,3.76E-05,7.68E-06
624,0.0025903,0.0024357,3.22E-05,7.62E-06
625,0.0025837,0.0024084,3.33E-05,6.81E-06
626,0.0024999,0.0023709,2.88E-05,7.51E-06
627,0.0024706,0.0023234,2.71E-05,4.70E-06
628,0.0024341,0.0023027,2.70E-05,9.04E-06
629,0.002402,0.002266,2.33E-05,6.45E-06
630,0.0023921,0.0022592,2.39E-05,7.01E-06
631,0.0023345,0.0022424,1.88E-05,5.39E-06
632,0.0023378,0.0022165,2.23E-05,3.89E-06
633,0.0023059,0.0021883,1.93E-05,7.11E-06
634,0.0022581,0.0021543,1.71E-05,4.34E-06
635,0.0022294,0.0021085,1.67E-05,1.58E-06
636,0.0021951,0.0020675,1.48E-05,6.96E-06
637,0.0021301,0.0020277,1.67E-05,3.61E-06
638,0.0020769,0.0019825,1.36E-05,2.45E-06
639,0.0020362,0.0019357,1.34E-05,6.04E-06
640,0.002013,0.0018706,1.11E-05,7.17E-06
641,0.0019752,0.0018585,1.56E-05,7.30E-06
642,0.0019325,0.0018394,1.41E-05,3.88E-06
643,0.0018879,0.0018046,1.59E-05,5.54E-06
644,0.0018773,0.0017852,1.03E-05,1.28E-06
645,0.0018369,0.0017543,1.11E-05,6.06E-06
646,0.0018204,0.0017301,1.14E-05,4.91E-06
647,0.0017704,0.0016913,8.58E-06,2.35E-06
648,0.0017644,0.0016624,1.04E-05,5.89E-06
649,0.0017203,0.0016389,1.22E-05,7.56E-06
650,0.0016958,0.0016094,5.33E-06,5.55E-06
651,0.0016421,0.0015719,8.59E-06,3.97E-06
652,0.0016097,0.0015411,8.72E-06,4.01E-06
653,0.0015831,0.0015095,1.12E-05,5.05E-06
654,0.0015361,0.0014789,1.32E-05,6.32E-08
655,0.0015128,0.0014469,9.46E-06,4.60E-06
656,0.0014954,0.0014147,8.58E-06,8.87E-06
657,0.0014435,0.0013812,8.57E-06,4.92E-06
658,0.0014253,0.0013464,5.49E-06,4.66E-07
659,0.001367,0.0013236,5.23E-06,3.08E-06
660,0.0013355,0.001299,4.09E-06,6.57E-06
661,0.0013154,0.0012614,7.40E-06,3.73E-06
662,0.0012789,0.0012383,9.26E-06,4.29E-06
663,0.0012682,0.0012033,8.69E-06,6.27E-06
664,0.0012299,0.0011866,7.98E-06,4.44E-06
665,0.0011995,0.0011574,3.96E-06,9.53E-07
666,0.0011823,0.0011286,5.14E-06,4.16E-06
667,0.0011745,0.0011015,7.42E-06,8.96E-06
668,0.0011416,0.0010769,5.44E-06,2.87E-06
669,0.001119,0.0010593,5.74E-06,1.48E-06
670,0.0010905,0.0010395,6.65E-06,7.36E-07
671,0.0010616,0.0010086,6.36E-06,4.66E-06
672,0.0010279,0.00098458,2.19E-06,6.76E-06
673,0.0010045,0.00096157,5.63E-06,0
674,0.0009884,0.00094411,8.07E-06,0
675,0.00096789,0.00090683,8.21E-06,0
676,0.00093731,0.00088488,7.42E-06,0
677,0.00089795,0.00087229,3.01E-06,4.26E-06
678,0.0008908,0.00085208,3.39E-06,4.09E-06
679,0.00087306,0.00082998,6.16E-06,0
680,0.00085823,0.00080595,3.35E-06,0
681,0.0008297,0.00079138,1.05E-05,0
682,0.00081118,0.00076867,3.56E-06,7.60E-06
683,0.00079264,0.00074863,6.08E-06,3.58E-06
684,0.00076447,0.00072754,9.84E-06,4.42E-06
685,0.00074858,0.0007079,7.98E-06,9.39E-07
686,0.0007381,0.00069121,2.70E-06,2.76E-06
687,0.00070823,0.00066786,4.41E-06,4.09E-07
688,0.00068268,0.00065626,1.04E-05,1.04E-06
689,0.00066936,0.00064371,1.02E-05,0
690,0.00065514,0.00061812,9.00E-06,7.39E-06
691,0.00061822,0.00060455,9.84E-06,6.72E-06
692,0.00061171,0.0005925,6.73E-06,2.11E-07
693,0.00060647,0.00057522,6.34E-06,0
694,0.00058832,0.00056043,9.47E-06,1.67E-06
695,0.0005778,0.0005583,8.68E-06,2.82E-06
696,0.00057405,0.00054141,8.70E-06,3.49E-06
697,0.0005492,0.00053047,1.04E-05,0
698,0.00054392,0.0005128,1.13E-05,2.25E-06
699,0.00053184,0.00049313,1.23E-05,1.56E-06
700,0.00051618,0.0004794,1.19E-05,7.81E-06
701,0.0005058,0.00048311,1.66E-05,7.94E-07
702,0.00049665,0.00046214,1.37E-05,1.20E-06
703,0.00048112,0.00044776,1.44E-05,0
704,0.00045983,0.00043315,1.45E-05,0
705,0.00045838,0.00041995,1.48E-05,2.90E-06
706,0.00044984,0.00041628,1.79E-05,1.83E-06
707,0.00043941,0.00040268,1.59E-05,1.16E-06
708,0.00042682,0.00039274,1.33E-05,2.48E-06
709,0.00041159,0.00038059,1.43E-05,4.80E-06
710,0.00040449,0.00037344,1.11E-05,0
711,0.00039948,0.00036316,1.35E-05,8.81E-07
712,0.00038474,0.00035102,1.70E-05,1.91E-06
713,0.00036257,0.00034474,1.16E-05,3.31E-06
714,0.00036263,0.00033201,1.15E-05,2.93E-06
715,0.00035213,0.0003227,1.32E-05,0
716,0.00034756,0.00031463,1.33E-05,0
717,0.00033717,0.00031066,1.22E-05,5.92E-07
718,0.00032776,0.00030109,1.66E-05,0
719,0.0003088,0.00028298,8.07E-06,0
720,0.00030374,0.00026978,1.10E-05,7.48E-07
721,0.0002967,0.00026271,1.11E-05,3.78E-06
722,0.0002877,0.00025944,9.41E-06,6.60E-06
723,0.00027514,0.00026208,8.26E-06,0
724,0.00026712,0.00024691,9.58E-06,2.01E-06
725,0.00025837,0.00024301,1.36E-05,1.53E-06
726,0.0002452,0.00022628,1.00E-05,2.51E-06
727,0.00024188,0.00022662,5.55E-06,0
728,0.00023455,0.0002194,4.69E-06,0
729,0.00022772,0.00021529,9.24E-06,5.22E-06
730,0.00021701,0.00020748,3.46E-06,3.65E-06
731,0.00021755,0.00020528,1.06E-05,0
732,0.00021125,0.00019645,1.35E-05,8.65E-07
733,0.00021686,0.00018622,9.71E-06,3.94E-06
734,0.00021651,0.00018757,6.03E-06,1.34E-06
735,0.0001952,0.0001823,6.32E-06,0
736,0.00019538,0.00017732,8.17E-06,2.61E-07
737,0.00018789,0.00017422,8.87E-06,1.96E-06
738,0.00018611,0.00016501,1.01E-05,8.90E-07
739,0.00018923,0.0001621,4.79E-06,0
740,0.00018166,0.0001668,6.53E-06,3.50E-07
741,0.00017782,0.00015347,1.21E-05,1.53E-06
742,0.00016779,0.0001504,1.17E-05,7.47E-06
743,0.00016286,0.00014333,1.22E-05,3.35E-06
744,0.00016466,0.00014533,1.32E-05,7.69E-07
745,0.00016322,0.0001364,1.67E-05,5.36E-06
746,0.00015072,0.00013662,1.24E-05,2.45E-06
747,0.00015425,0.00013446,6.14E-06,0
748,0.0001441,0.0001283,1.07E-05,9.64E-06
749,0.0001324,0.00012956,1.40E-05,4.07E-06
750,0.00013553,0.00012741,1.41E-05,6.90E-06
751,0.00014411,0.00012233,1.42E-05,9.78E-06
752,0.0001413,0.00012061,1.73E-05,2.40E-06
753,0.00013464,0.00012045,2.08E-05,1.20E-06
754,0.00012489,0.00011993,1.44E-05,3.94E-06
755,0.00013037,0.00011499,1.65E-05,8.18E-06
756,0.0001398,0.00011245,2.12E-05,1.06E-05
757,0.00013171,0.00011529,1.80E-05,7.73E-06
758,0.00011791,0.00010566,1.53E-05,1.28E-05
759,0.00011705,0.00010043,1.52E-05,5.50E-06
760,0.00011578,9.95E-05,1.71E-05,3.80E-06
761,0.00011737,9.48E-05,1.41E-05,1.28E-07
762,0.000111,9.47E-05,2.18E-05,1.56E-05
763,0.00010907,8.87E-05,2.37E-05,8.29E-06
764,0.00010707,8.78E-05,2.29E-05,8.41E-06
765,0.00010779,8.99E-05,1.85E-05,1.40E-05
766,0.00010315,8.86E-05,2.14E-05,1.25E-05
767,0.00010263,8.80E-05,2.15E-05,1.59E-05
768,0.00010519,8.35E-05,2.41E-05,1.14E-05
769,0.00010985,8.22E-05,2.08E-05,1.23E-05
770,0.00010326,8.02E-05,2.36E-05,1.21E-05
771,9.84E-05,7.60E-05,2.29E-05,8.30E-06
772,8.93E-05,7.67E-05,2.29E-05,1.60E-05
773,9.18E-05,7.68E-05,2.48E-05,1.96E-05
774,7.86E-05,7.59E-05,2.69E-05,1.36E-05
775,8.74E-05,7.67E-05,2.44E-05,9.74E-06
776,8.63E-05,7.10E-05,2.65E-05,1.64E-05
777,8.41E-05,6.84E-05,2.81E-05,1.13E-05
778,7.71E-05,7.07E-05,3.01E-05,1.39E-05
779,9.30E-05,7.26E-05,2.50E-05,2.54E-05
780,7.43E-05,6.71E-05,3.06E-05,1.48E-05
781,7.81E-05,6.87E-05,3.23E-05,1.83E-05
782,8.58E-05,6.93E-05,3.36E-05,2.25E-05
783,8.16E-05,6.82E-05,3.15E-05,2.59E-05
784,7.83E-05,6.34E-05,3.12E-05,1.97E-05
785,7.95E-05,6.86E-05,3.34E-05,1.82E-05
786,8.34E-05,6.41E-05,3.62E-05,2.18E-05
787,7.97E-05,5.86E-05,3.83E-05,2.20E-05
788,8.63E-05,6.47E-05,3.62E-05,2.63E-05
789,7.59E-05,6.53E-05,4.96E-05,3.25E-05
790,7.92E-05,6.38E-05,4.21E-05,2.98E-05
791,8.25E-05,6.32E-05,4.37E-05,3.58E-05
792,7.32E-05,6.52E-05,4.17E-05,3.54E-05
793,7.67E-05,6.53E-05,4.70E-05,2.80E-05
794,7.93E-05,6.26E-05,4.78E-05,2.82E-05
795,8.75E-05,6.21E-05,5.16E-05,4.03E-05
796,7.59E-05,6.67E-05,4.47E-05,4.51E-05
797,7.82E-05,6.42E-05,4.99E-05,3.62E-05
798,8.43E-05,6.81E-05,5.07E-05,4.56E-05
799,8.61E-05,7.46E-05,5.43E-05,4.77E-05
800,8.48E-05,6.66E-05,5.70E-05,4.59E-05
801,7.82E-05,6.90E-05,5.70E-05,4.77E-05
802,8.84E-05,7.34E-05,6.32E-05,5.19E-05
803,9.60E-05,7.56E-05,6.49E-05,5.84E-05
804,8.43E-05,7.53E-05,7.52E-05,6.00E-05
805,8.88E-05,7.81E-05,6.76E-05,5.88E-05
806,9.77E-05,7.38E-05,6.99E-05,6.27E-05
807,9.81E-05,8.12E-05,7.62E-05,6.68E-05
808,0.0001008,7.65E-05,7.58E-05,8.32E-05
809,0.00010482,7.90E-05,7.85E-05,8.08E-05
810,0.00010176,8.65E-05,7.67E-05,7.52E-05
811,0.0001028,8.54E-05,8.08E-05,7.74E-05
812,9.88E-05,9.00E-05,8.95E-05,7.80E-05
813,0.00010602,8.75E-05,7.92E-05,7.68E-05
814,0.00010472,8.99E-05,8.43E-05,9.43E-05
815,0.00011808,8.83E-05,9.04E-05,9.27E-05
816,0.0001141,8.91E-05,8.73E-05,8.12E-05
817,9.91E-05,0.00010581,9.32E-05,0.00010152
818,0.0001118,9.62E-05,9.48E-05,8.42E-05
819,0.00011799,9.67E-05,9.64E-05,9.93E-05
820,0.0001272,0.00010283,9.37E-05,0.0001025
821,0.00011204,9.98E-05,0.00010213,9.31E-05
822,0.00011494,0.00010426,9.34E-05,0.00010155
823,0.00011569,9.41E-05,0.00010064,0.00010635
824,0.00011294,9.55E-05,0.00010248,9.92E-05
825,0.00011391,9.49E-05,9.24E-05,9.51E-05
826,0.00010647,0.00010003,9.63E-05,0.00010071
827,0.00011728,0.00010223,9.88E-05,8.54E-05
828,0.0001229,0.00010394,9.02E-05,9.55E-05
829,0.00010769,0.00011032,8.97E-05,9.88E-05
830,0.00011025,0.00010446,9.54E-05,0.00010072
831,0.00010822,0.00010191,0.00010493,9.64E-05
832,9.83E-05,0.00010365,9.81E-05,9.92E-05
833,0.00010112,9.93E-05,9.91E-05,9.30E-05
834,0.00010357,9.70E-05,0.0001087,9.48E-05
835,0.00012412,0.00010293,9.91E-05,0.0001
836,0.00011038,0.00010558,0.00010232,0.0001087
837,0.00010904,9.79E-05,9.43E-05,0.00010379
838,0.00010885,9.74E-05,0.00010222,9.29E-05
839,0.00010772,0.00010265,9.97E-05,9.51E-05
840,0.00010552,9.48E-05,9.86E-05,8.76E-05
841,0.00010761,9.70E-05,0.00010034,0.0001034
842,9.46E-05,9.69E-05,9.69E-05,9.80E-05
843,0.0001063,9.77E-05,0.0001013,9.09E-05
844,0.00010436,0.00010107,9.71E-05,9.35E-05
845,8.96E-05,9.23E-05,9.46E-05,9.54E-05
846,8.86E-05,9.70E-05,8.72E-05,0.00010291
847,8.66E-05,9.17E-05,9.55E-05,9.91E-05
848,9.74E-05,9.16E-05,9.60E-05,0.00010079
849,9.52E-05,8.33E-05,8.96E-05,9.48E-05
850,9.85E-05,8.81E-05,8.70E-05,9.06E-05
851,9.39E-05,8.94E-05,8.26E-05,8.19E-05
852,9.20E-05,8.71E-05,8.04E-05,8.80E-05
853,7.09E-05,8.28E-05,7.43E-05,7.82E-05
854,9.72E-05,8.72E-05,8.39E-05,7.59E-05
855,9.20E-05,8.66E-05,7.92E-05,9.13E-05
856,8.64E-05,8.00E-05,7.76E-05,8.30E-05
857,8.01E-05,7.64E-05,7.84E-05,7.83E-05
858,7.22E-05,7.29E-05,8.03E-05,8.02E-05
859,8.94E-05,8.02E-05,7.28E-05,7.23E-05
860,9.17E-05,7.36E-05,8.13E-05,6.44E-05
861,6.92E-05,6.45E-05,8.06E-05,7.09E-05
862,6.84E-05,7.62E-05,7.21E-05,7.90E-05
863,7.50E-05,7.85E-05,6.96E-05,7.64E-05
864,6.29E-05,6.61E-05,6.36E-05,7.14E-05
865,6.27E-05,7.26E-05,7.25E-05,6.62E-05
866,6.33E-05,8.14E-05,6.93E-05,5.99E-05
867,7.06E-05,6.71E-05,7.01E-05,5.93E-05
868,6.88E-05,6.80E-05,6.17E-05,6.69E-05
869,5.43E-05,6.68E-05,6.03E-05,7.16E-05
870,7.58E-05,6.65E-05,7.31E-05,5.92E-05
871,6.54E-05,6.40E-05,6.95E-05,5.98E-05
872,6.19E-05,6.41E-05,7.05E-05,6.08E-05
873,6.73E-05,7.06E-05,6.11E-05,5.71E-05
874,6.51E-05,5.67E-05,6.55E-05,6.57E-05
875,7.18E-05,6.43E-05,6.08E-05,6.11E-05
876,4.95E-05,5.98E-05,5.62E-05,4.99E-05
877,5.16E-05,5.33E-05,4.97E-05,6.01E-05
878,6.03E-05,4.87E-05,5.11E-05,6.40E-05
879,7.09E-05,5.70E-05,5.61E-05,5.21E-05
880,5.77E-05,5.12E-05,4.37E-05,5.83E-05
881,5.41E-05,4.75E-05,4.83E-05,5.37E-05
882,4.73E-05,4.97E-05,5.52E-05,4.08E-05
883,4.34E-05,5.07E-05,4.22E-05,3.87E-05
884,4.99E-05,5.04E-05,4.26E-05,5.16E-05
885,3.00E-05,4.44E-05,4.44E-05,4.36E-05
886,4.62E-05,5.07E-05,5.24E-05,3.82E-05
887,4.73E-05,4.34E-05,3.88E-05,4.05E-05
888,4.01E-05,4.05E-05,4.37E-05,3.43E-05
889,4.62E-05,4.03E-05,3.56E-05,3.37E-05
890,4.15E-05,3.14E-05,2.69E-05,4.94E-05
891,4.62E-05,3.08E-05,2.96E-05,2.93E-05
892,2.80E-05,2.67E-05,3.09E-05,3.33E-05
893,1.41E-05,3.16E-05,4.43E-05,4.22E-05
894,2.57E-05,3.40E-05,2.13E-05,1.72E-05
895,3.80E-05,3.13E-05,2.55E-05,2.77E-05
896,3.72E-05,3.54E-05,2.57E-05,3.03E-05
897,1.24E-05,4.24E-05,2.05E-05,1.96E-05
898,2.99E-05,2.74E-05,2.80E-05,2.67E-05
899,4.79E-05,2.77E-05,2.23E-05,2.05E-05
900,4.70E-05,2.43E-05,2.61E-05,3.37E-05
901,2.19E-05,1.79E-05,2.94E-05,2.00E-07
902,2.94E-05,2.11E-05,3.39E-05,4.23E-06
903,4.05E-05,1.80E-05,2.17E-05,1.44E-05
904,3.16E-05,2.60E-05,2.70E-05,1.45E-05
905,2.42E-05,3.28E-05,2.33E-05,1.85E-05
906,2.42E-05,2.96E-05,1.54E-05,1.42E-05
907,3.16E-05,2.99E-05,2.92E-05,2.09E-05
908,3.28E-05,2.64E-05,4.53E-05,2.79E-05
909,2.16E-05,2.52E-05,2.06E-05,7.75E-06
910,4.77E-05,2.62E-05,1.45E-05,2.71E-05
911,2.25E-05,2.99E-05,1.33E-05,9.92E-06
912,2.53E-05,2.83E-05,2.95E-05,1.65E-05
913,3.17E-05,2.69E-05,2.11E-05,2.32E-05
914,4.10E-05,2.98E-05,3.35E-05,2.37E-05
915,1.89E-05,2.40E-05,1.34E-05,3.69E-05
916,2.61E-05,2.01E-05,2.18E-05,3.39E-06
917,4.77E-05,2.64E-05,2.84E-05,2.98E-05
918,2.59E-05,2.55E-05,3.13E-05,4.25E-05
919,1.54E-05,2.34E-05,4.08E-05,3.39E-05
920,2.87E-05,2.29E-05,3.57E-05,1.91E-05
921,1.78E-05,2.87E-05,1.95E-05,1.02E-05
922,4.01E-05,2.79E-05,3.55E-05,2.20E-05
923,5.90E-05,1.81E-05,2.04E-05,4.81E-05
924,3.82E-05,2.66E-05,2.38E-05,3.29E-05
925,2.89E-05,2.81E-05,2.67E-05,2.95E-05
926,2.37E-05,3.39E-05,2.79E-05,2.81E-05
927,1.75E-05,2.34E-05,2.46E-05,6.73E-05
928,1.79E-05,2.21E-05,3.24E-05,1.28E-05
929,2.28E-05,2.41E-05,2.15E-05,1.55E-05
930,2.55E-05,2.75E-05,2.49E-05,3.05E-05
931,3.13E-05,3.28E-05,2.60E-05,2.21E-05
932,3.00E-05,2.69E-05,2.69E-05,2.65E-05
933,7.74E-06,1.77E-05,2.52E-05,2.02E-05
934,1.46E-05,2.49E-05,4.35E-06,1.16E-05
935,1.84E-05,2.24E-05,1.93E-05,0
936,6.00E-06,1.78E-05,2.80E-05,1.80E-05
937,5.02E-05,2.59E-05,1.62E-05,4.90E-05
938,1.27E-05,2.01E-05,1.20E-05,1.41E-05
939,2.38E-05,2.21E-05,1.71E-05,3.24E-05
940,3.43E-05,2.95E-05,1.47E-05,2.18E-05
941,3.38E-05,2.02E-05,2.40E-05,2.32E-06
942,8.22E-06,1.24E-05,7.51E-06,4.46E-05
943,6.05E-07,1.21E-05,2.64E-05,4.69E-05
944,3.22E-05,1.73E-05,3.47E-05,2.74E-05
945,2.71E-05,2.40E-05,3.69E-05,3.38E-05
946,3.27E-06,1.34E-05,2.19E-05,1.30E-05
947,3.80E-05,1.47E-05,2.77E-05,3.74E-05
948,3.93E-05,1.09E-05,3.64E-05,3.28E-05
949,2.24E-05,1.17E-05,1.33E-05,2.73E-05
950,1.76E-05,1.37E-05,5.89E-06,4.55E-05
951,3.22E-05,1.60E-05,4.00E-05,2.60E-05
952,3.78E-05,1.55E-05,2.23E-05,3.51E-05
953,7.54E-06,2.30E-05,1.07E-05,2.83E-05
954,2.52E-05,2.08E-05,2.01E-06,1.36E-05
955,3.72E-05,3.50E-05,6.44E-06,3.22E-05
956,2.17E-05,6.97E-07,1.72E-05,2.72E-05
957,1.47E-05,1.83E-05,2.09E-05,2.14E-05
958,2.66E-06,1.50E-05,3.34E-05,3.07E-05
959,0,1.77E-05,1.00E-05,1.23E-05
960,3.30E-05,7.77E-06,1.79E-05,2.91E-05
961,2.87E-05,1.82E-05,2.78E-05,4.52E-05
962,2.63E-05,7.46E-06,1.87E-05,9.76E-06
963,1.74E-07,1.21E-05,7.94E-07,3.47E-05
964,5.15E-06,7.10E-06,2.16E-05,9.25E-06
965,2.20E-05,1.88E-06,1.59E-05,6.14E-06
966,5.49E-05,3.10E-05,2.64E-05,0
967,2.43E-05,1.02E-05,2.44E-05,7.06E-06
968,2.09E-05,1.08E-05,1.38E-05,3.32E-05
969,1.59E-05,1.81E-05,1.46E-05,8.95E-06
970,1.03E-05,7.53E-06,3.01E-05,2.45E-05
971,7.93E-06,1.20E-05,3.08E-05,2.39E-05
972,2.67E-05,2.37E-05,1.59E-05,6.04E-06
973,2.46E-06,1.64E-05,5.34E-06,0
974,2.17E-05,1.92E-06,3.89E-06,0
975,1.43E-05,1.47E-05,1.05E-05,2.00E-05
976,2.54E-05,1.13E-05,6.41E-07,1.34E-05
977,3.31E-05,2.24E-05,1.06E-05,1.46E-05
978,5.32E-06,1.47E-05,9.27E-06,5.62E-06
979,1.12E-05,6.46E-06,1.35E-05,2.85E-06
980,1.59E-05,2.55E-06,3.00E-07,3.91E-05
981,0,0,9.18E-06,3.11E-05
982,2.23E-05,1.26E-05,2.41E-05,3.50E-06
983,4.56E-05,1.25E-05,1.27E-05,2.59E-07
984,0,1.34E-05,9.68E-06,1.12E-05
985,6.08E-06,2.31E-05,4.25E-06,4.34E-06
986,3.30E-06,5.04E-06,1.57E-06,1.71E-05
987,3.06E-05,1.83E-05,3.85E-05,1.04E-06
988,0,3.28E-06,0,1.86E-05
989,0,1.21E-05,2.34E-05,3.05E-05
990,0,3.44E-05,1.71E-06,1.79E-06
991,1.68E-05,1.99E-06,8.30E-06,0
992,0,1.73E-05,1.30E-05,0
993,0,4.33E-06,2.02E-05,0
994,1.87E-05,0,6.36E-06,1.95E-05
995,2.92E-06,0,2.83E-06,1.85E-05
996,0,0,1.70E-05,0
997,3.37E-06,0,1.92E-06,1.90E-05
998,4.17E-05,0,1.83E-05,2.87E-06
999,8.43E-06,0,0,1.67E-05
1000,0,1.49E-05,0,1.09E-05
